Benchmark Name,Time (ns),Iterations
BM_Add/8,3.7332032967111095,199553001
BM_Add/64,4.068060298695736,158215689
BM_Add/512,3.8181827498162293,182797693
BM_Add/4096,3.95998125058627,153885048
BM_Add/8192,3.9079120729869556,174016372
